Name,Email,Phone
Avery Dávila,avery.dávila@test.org,555-841-1026
Avery Wilson,avery.wilson@example.com,555-535-9930
Amelia Martinez,amelia.martinez@mail.com,555-272-8929
Daniel Martin,daniel.martin@mail.com,555-615-1953
Jiāng Dvořák,jiāng.dvořák@demo.net,555-210-2300
Mark Flores,mark.flores@demo.net,555-220-2473
José Anderson,jose.anderson@example.com,555-584-2776
Ella Clark,ella.clark@example.com,555-291-6920
Kevin Williams,kevin.williams@test.org,555-994-6709
Renée Miller,renee.miller@demo.net,555-847-4764
Åsa Dávila,asa.dávila@demo.net,555-328-5392
Daniel Ramirez,daniel.ramirez@test.org,555-544-5066
Léa King,lea.king@test.org,555-340-2338
Anthony Grøn,anthony.gron@sample.co,555-296-6979
Renée Young,renee.young@demo.net,555-634-4039
Christopher Young,christopher.young@sample.co,555-936-4437
Hannah Gonzalez,hannah.gonzalez@test.org,555-585-2454
Thomas Smirnov,thomas.smirnov@test.org,555-349-6847
Brian Garcia,brian.garcia@sample.co,555-184-1528
Núria Gonzalez,núria.gonzalez@test.org,555-382-2712
John White,john.white@test.org,555-858-4297
Steven Taylor,steven.taylor@demo.net,555-409-7300
Charlotte Garcia,charlotte.garcia@example.com,555-252-3195
Grace King,grace.king@test.org,555-561-9701
Paul Hernandez,paul.hernandez@sample.co,555-629-7038
José Miller,jose.miller@demo.net,555-678-1099
Charlotte Håkansson,charlotte.hakansson@sample.co,555-947-4427
Christopher Thompson,christopher.thompson@demo.net,555-253-9069
Łukasz Gonzalez,lukasz.gonzalez@mail.com,555-502-7314
Léa Lee,lea.lee@example.com,555-105-4055
Avery Ramirez,avery.ramirez@example.com,555-864-1034
Sven Håkansson,sven.hakansson@demo.net,555-222-4044
Hannah Anderson,hannah.anderson@mail.com,555-698-8671
Thomas Martin,thomas.martin@example.com,555-963-4852
Åsa Anderson,asa.anderson@test.org,555-284-5106
William Moore,william.moore@mail.com,555-350-6270
Laura Möller,laura.moller@sample.co,555-837-3052
Sven Anderson,sven.anderson@mail.com,555-439-2940
Sven Rodriguez,sven.rodriguez@demo.net,555-776-1154
John Smith,john.smith@sample.co,555-632-4602
Christopher Jackson,christopher.jackson@demo.net,555-525-9786
Ella White,ella.white@mail.com,555-446-2076
Grace Rodriguez,grace.rodriguez@example.com,555-644-9384
Renée Hill,renee.hill@demo.net,555-582-2409
Amelia Núñez,amelia.núnez@demo.net,555-802-1089
Abigail Håkansson,abigail.hakansson@demo.net,555-266-8412
David Harris,david.harris@sample.co,555-960-8568
Chloe Perez,chloe.perez@sample.co,555-820-8766
Michael Miller,michael.miller@demo.net,555-473-4964
Steven Garcia,steven.garcia@demo.net,555-305-4539
Thomas King,thomas.king@sample.co,555-892-9380
Anthony Davis,anthony.davis@sample.co,555-200-3662
José Allen,jose.allen@example.com,555-813-8165
Charles Nguyen,charles.nguyen@demo.net,555-100-4901
Avery Garcia,avery.garcia@sample.co,555-264-2825
Sophia Anderson,sophia.anderson@sample.co,555-480-2272
Mark Rodriguez,mark.rodriguez@sample.co,555-183-4945
Evelyn Thomas,evelyn.thomas@test.org,555-959-1637
Laura Martinez,laura.martinez@demo.net,555-530-4809
Núria Young,núria.young@mail.com,555-720-9744
Andrew Hill,andrew.hill@example.com,555-754-9093
William Robinson,william.robinson@mail.com,555-460-5990
Brian Williams,brian.williams@test.org,555-914-1434
Chloe Perez,chloe.perez@mail.com,555-414-6911
Avery Chen,avery.chen@test.org,555-480-3700
Chloe White,chloe.white@sample.co,555-632-4032
Olivia Walker,olivia.walker@mail.com,555-762-5757
Abigail Kovačić,abigail.kovačić@demo.net,555-289-9213
Lily Walker,lily.walker@demo.net,555-305-6273
Andrew Gonzalez,andrew.gonzalez@test.org,555-816-2686
Anthony Taylor,anthony.taylor@demo.net,555-137-2639
Robert Garcia,robert.garcia@example.com,555-816-5680
Laura Jackson,laura.jackson@demo.net,555-618-8045
Avery Flores,avery.flores@mail.com,555-365-8160
Christopher Wright,christopher.wright@test.org,555-272-8818
Abigail Kovačić,abigail.kovačić@mail.com,555-780-7271
Andrew Taylor,andrew.taylor@sample.co,555-139-3638
John Dávila,john.dávila@demo.net,555-271-9065
Olivia Robinson,olivia.robinson@mail.com,555-444-9967
Mia Möller,mia.moller@example.com,555-552-6075
Ella Flores,ella.flores@example.com,555-446-3541
Christopher Ramirez,christopher.ramirez@sample.co,555-761-6100
James Håkansson,james.hakansson@sample.co,555-773-8842
Mia Thompson,mia.thompson@sample.co,555-280-1694
Thomas Wilson,thomas.wilson@demo.net,555-402-7226
Paul Torres,paul.torres@sample.co,555-651-1510
Léa Garcia,lea.garcia@test.org,555-601-3087
Amelia Gonzalez,amelia.gonzalez@mail.com,555-601-6626
Mark Clark,mark.clark@test.org,555-507-5673
Paul Martinez,paul.martinez@demo.net,555-569-3858
Renée Lopez,renee.lopez@sample.co,555-325-8222
Robert Sanchez,robert.sanchez@test.org,555-966-8982
Robert Gonzalez,robert.gonzalez@example.com,555-255-9282
Abigail Allen,abigail.allen@sample.co,555-108-3263
Charles Robinson,charles.robinson@example.com,555-516-9206
Christopher Perez,christopher.perez@demo.net,555-911-6589
Isabella Smirnov,isabella.smirnov@mail.com,555-916-9783
Sophia Harris,sophia.harris@demo.net,555-814-6181
Andrew Gonzalez,andrew.gonzalez@test.org,555-298-5889
Amelia Torres,amelia.torres@sample.co,555-579-2646
Alice Müller,alice.muller@example.com,555-000-1234
